id,type,a_g,b_g,c_g,snratio_g,chisq_g,nrise_g,a_r,b_r,c_r,snratio_r,chisq_r,nrise_r
ZTF18aabukgo,SN Ia,0.0,0.0,0.0,0.1,100000000.0,0,0.0,0.0,0.0,0.1,100000000.0,0
ZTF18aatrkga,SN Ia,0.0,0.0,0.0,0.1,100000000.0,0,0.0,0.0,0.0,0.1,100000000.0,0
ZTF19acdkzxk,SN II,0.0,0.0,0.0,0.1,100000000.0,0,0.0,0.0,0.0,0.1,100000000.0,0
ZTF19acdxlns,SN Ia,2.153456119654151,-0.824715293322109,2505.80711210897,10.413150598412379,0.20005472282207515,4,0.0,0.0,0.0,0.1,100000000.0,0
ZTF19acecluy,SN II,0.0,0.0,0.0,0.1,100000000.0,0,0.0,0.0,0.0,0.1,100000000.0,0
ZTF19acekkts,SN Ia,0.0,0.0,0.0,0.1,100000000.0,0,0.0,0.0,0.0,0.1,100000000.0,0
ZTF19acenveq,SN Ia,0.0,0.0,0.0,0.1,100000000.0,0,0.0,0.0,0.0,0.1,100000000.0,0
ZTF19aceqxtg,SN Ia,0.0,0.0,0.0,0.1,100000000.0,0,0.0,0.0,0.0,0.1,100000000.0,0
ZTF19acetxvq,SN Ia,0.0,0.0,0.0,0.1,100000000.0,0,0.0,0.0,0.0,0.1,100000000.0,0
ZTF19aceuacu,SN Ia,0.18101768994691314,-2.7757180106582027,2993.4392349228633,8.55446063086268,57.12910480318462,11,0.28126884491996285,1.163628564145843,2745.2926406057873,7.9156117431204835,128.13738620455078,14
ZTF19acewotx,SN Ia,0.0,0.0,0.0,0.1,100000000.0,0,0.0,0.0,0.0,0.1,100000000.0,0
ZTF19acewuwn,SN II,129.34340930278887,-23.31947361138812,2326.8108321324507,9.45163627644844,14.000058530131602,4,1.1274766008793506,-1.74065661815083,3194.8856645128785,12.36109552927642,4.8182604767827835,7
ZTF19acexijn,SN Ia,0.0,0.0,0.0,0.1,100000000.0,0,0.0,0.0,0.0,0.1,100000000.0,0
ZTF19acfecsg,SN Ia,0.3788620640190065,-1.5043136386220286,3544.813922184304,9.7059773747362,37.7114934355163,4,0.0,0.0,0.0,0.1,100000000.0,0
ZTF19acfejbj,SN II,0.0,0.0,0.0,0.1,100000000.0,0,0.4126126421930972,-3.6094809218131587,29497.667941672065,28.183852092670477,86.64064137775613,4
ZTF19acfmwlh,SN Ia,0.0,0.0,0.0,0.1,100000000.0,0,0.0,0.0,0.0,0.1,100000000.0,0
ZTF19acfrntd,SN Ia,0.0,0.0,0.0,0.1,100000000.0,0,0.0,0.0,0.0,0.1,100000000.0,0
ZTF19acfsbpa,SN II,0.0,0.0,0.0,0.1,100000000.0,0,0.0,0.0,0.0,0.1,100000000.0,0
ZTF19acfsqjx,SN Ia,0.4007932350149646,0.6100743424880501,2005.2761948740676,6.575301903302031,29.22514479424518,15,0.2814416506273318,0.9590170612450145,2748.7268465527222,7.997934273438974,118.36521177412335,15
ZTF19acftaml,SN Ia,0.0,0.0,0.0,0.1,100000000.0,0,0.5810461496945577,0.359776593187156,3284.90902375334,7.52500306398351,16.711885996917385,5
ZTF19acftfav,SN IIP,0.0,0.0,0.0,0.1,100000000.0,0,5.214037546697155,-0.5457567136677082,10004.749274845473,20.25622438203187,15.383954243034648,4
ZTF19acftfst,SN Ia,0.0,0.0,0.0,0.1,100000000.0,0,0.3685585535820896,-1.4786973102581793,1930.447454700244,6.66367570708534,30.97763225444051,6
ZTF19acfthre,SN Ia,0.0,0.0,0.0,0.1,100000000.0,0,0.0,0.0,0.0,0.1,100000000.0,0
ZTF19acftude,SN IIn,0.21991162666838804,-6.547339440666034,4020.418174926787,13.176282343489762,3.8887298234805847,7,0.20098904922898994,-5.104278112871151,3850.7778300582227,11.141131696425857,29.434058622285285,9
ZTF19acfwynw,SLSN-I,0.03798284531442498,57.17729184946981,13753.739703736604,7.261522831900984,12.695408655025581,9,0.02668388643059543,256.5755485816048,1304435.9292973238,5.408978413008457,22.466537852562674,5
ZTF19acfxbki,SN Ia,0.0,0.0,0.0,0.1,100000000.0,0,0.0,0.0,0.0,0.1,100000000.0,0
ZTF19acfxbxe,SN Ia,0.0,0.0,0.0,0.1,100000000.0,0,0.0,0.0,0.0,0.1,100000000.0,0
ZTF19acgaxej,SN Ia,0.0,0.0,0.0,0.1,100000000.0,0,0.0,0.0,0.0,0.1,100000000.0,0
ZTF19acgbkzr,SN II,0.0,0.0,0.0,0.1,100000000.0,0,0.09290687860385242,-14.609069852715837,3659.989258451008,9.913655413171256,47.618810908107044,8
ZTF19acgbzam,SN Ia,0.9423610757918078,-2.6588656444062906,5495.622830908484,13.125027763226484,0.38246793554780933,5,0.7324946796577484,-2.0885408763037208,6134.565240216442,15.720876078814376,3.4575347931089757,4
ZTF19acgcdas,SN Ia,0.0,0.0,0.0,0.1,100000000.0,0,0.0,0.0,0.0,0.1,100000000.0,0
ZTF19acgcshq,SN Ia,0.7753638844158667,-1.4529033931390867,3278.9343398835936,9.13934191081633,0.3147579914490242,4,0.29279045923767133,4.601939935299695,4577.570555549976,8.483543258606655,77.06840392434214,8
ZTF19acgdfjt,SN Ia,0.0,0.0,0.0,0.1,100000000.0,0,0.0,0.0,0.0,0.1,100000000.0,0
ZTF19acgdxel,SN Ia,3.224992449808038,-0.1523266695292007,2721.483259906484,7.005740604752702,9.111093445225192,4,0.0,0.0,0.0,0.1,100000000.0,0
ZTF19acgemqj,SN Ia-91T-like,0.5802541991293819,0.7172582961435603,4753.734683535581,11.849775511824461,1.0351318530196778,5,0.0,0.0,0.0,0.1,100000000.0,0
ZTF19acgfvvi,SN II,0.0,0.0,0.0,0.1,100000000.0,0,0.0,0.0,0.0,0.1,100000000.0,0
ZTF19acgjnfz,SN Ia,0.0,0.0,0.0,0.1,100000000.0,0,0.0,0.0,0.0,0.1,100000000.0,0
ZTF19acgjnis,SN Ia,0.0,0.0,0.0,0.1,100000000.0,0,0.0,0.0,0.0,0.1,100000000.0,0
ZTF19acgjohb,SN Ia,0.0,0.0,0.0,0.1,100000000.0,0,3.4383733945875434,-0.37550994080063593,3838.9435228933908,10.516326889113799,20.231079477215427,4
ZTF19acgjojy,SN Ia,0.0,0.0,0.0,0.1,100000000.0,0,0.30339160860132974,2.3932427629880775,3702.998290009557,8.939741041401078,73.1935715558783,7
ZTF19acgjosf,SN Ia,0.0,0.0,0.0,0.1,100000000.0,0,0.1824586250331014,-1.0570561780478465,3445.3525626405312,10.261392332785089,1.8375567737182945,5
ZTF19acgjpgh,SLSN-I,0.0,0.0,0.0,0.1,100000000.0,0,0.11768877582562402,2.8403165098500947,9704.87040866807,16.38125156266251,82.64020571590648,6
ZTF19acgmkrt,SN Ia,0.5423962431980975,-1.4594934038164757,5019.597448034583,12.09074591678138,49.06943626835385,8,0.10017937149543248,7.010177101443103,10915.400587053558,11.863028205874594,46.83119279879401,7
ZTF19acgogcm,SN Ia,0.0,0.0,0.0,0.1,100000000.0,0,0.0,0.0,0.0,0.1,100000000.0,0
ZTF19acgonwy,SN Ia,0.0,0.0,0.0,0.1,100000000.0,0,0.3910345620795232,-3.130330561630748,5893.629840277087,10.85146271228956,16.527402325673968,6
ZTF19acgouje,SN Ia,0.0,0.0,0.0,0.1,100000000.0,0,0.0,0.0,0.0,0.1,100000000.0,0
ZTF19acgphsf,SN Ia,0.0,0.0,0.0,0.1,100000000.0,0,0.0,0.0,0.0,0.1,100000000.0,0
ZTF19acgpkye,SN Ia,0.0,0.0,0.0,0.1,100000000.0,0,0.0,0.0,0.0,0.1,100000000.0,0
ZTF19acgpqxt,SN Ia,0.0,0.0,0.0,0.1,100000000.0,0,0.2091625822334527,0.9260108950234658,5299.4919217263405,14.602293555128119,136.32281966376735,5
ZTF19acgqjln,SN Ia,0.38916814644308034,4.6719262309231935,4399.376369769015,8.847079827776726,47.37195203929901,15,0.329553988450577,5.008872694430811,4810.279633926987,9.118510967127742,105.10972204539272,16
ZTF19acgrbeb,SN Ia,0.0,0.0,0.0,0.1,100000000.0,0,0.28559186557256483,0.29756882913011595,7774.144784462884,17.384651392894234,1.6027156112832208,4
ZTF19acgxbwo,SN Ia,1.111890151885458,-1.1129268447247351,2580.21111274573,10.897631302327946,4.269660834083406,4,0.6920968839537661,-1.8970035087383115,3716.006323771901,12.345469527108362,11.229039763224518,5
ZTF19acgzwbm,SN II,0.0,0.0,0.0,0.1,100000000.0,0,0.0,0.0,0.0,0.1,100000000.0,0
ZTF19acgzzea,SN IIP,0.0,0.0,0.0,0.1,100000000.0,0,0.0,0.0,0.0,0.1,100000000.0,0
ZTF19achagst,SN Ia,0.4092354693673088,1.9722582537829916,3591.062323726622,12.69574229856705,68.97434231324831,6,0.36262438466332136,2.4587843658526354,3838.4921087074404,12.0019758668933,19.979191975964326,7
ZTF19achahea,SN Ia,0.0,0.0,0.0,0.1,100000000.0,0,0.0,0.0,0.0,0.1,100000000.0,0
ZTF19achajnc,SN Ia,0.8154772448261186,0.3311978820728953,2885.6567865283623,11.17515989636566,24.691576514863982,5,0.43752308846839844,1.4448173774263502,3042.8206293025323,8.328853254051346,59.927147100765104,8
ZTF19achaspq,SN Ia,0.6583271174511124,0.5600681167539268,14910.263621193188,21.80007272659124,343.4803792846128,4,0.36427354566579023,7.669537369575024,27735.23139875895,17.92220325746419,176.95616484122928,4
ZTF19achejoc,SN Ia,0.4991420100465211,1.0928632189353844,7028.234278557666,13.159462354993781,10.06212452763086,4,0.38717071957344684,1.5820203067391871,6661.110545063182,16.95599175573099,1.4153427235612115,5
ZTF19achetvw,SN Ia,0.0,0.0,0.0,0.1,100000000.0,0,0.5828522475505094,0.22778285827256176,3487.479129518582,10.943415164052654,3.3820992023355436,5
ZTF19achiyvy,SN Ic,0.0,0.0,0.0,0.1,100000000.0,0,0.37100055094283624,1.128772759848521,1967.1989393049907,6.80309575860404,7.267436613222134,7
ZTF19achjpyc,SN Ia-91T-like,0.0,0.0,0.0,0.1,100000000.0,0,0.0,0.0,0.0,0.1,100000000.0,0
ZTF19achjqbk,SN IIP,0.0,0.0,0.0,0.1,100000000.0,0,0.35904381635743365,-4.221590886947871,2733.5079735810614,7.891849696676419,1.1006906420608773,5
ZTF19achtewn,SN Ia,0.43469037092386215,-1.7733637314171347,2600.2044344038945,9.0588330284165,15.962924978226159,4,0.0,0.0,0.0,0.1,100000000.0,0
ZTF19achticg,SN Ia,0.0,0.0,0.0,0.1,100000000.0,0,0.0,0.0,0.0,0.1,100000000.0,0
ZTF19achtifr,SN II,0.0,0.0,0.0,0.1,100000000.0,0,0.0,0.0,0.0,0.1,100000000.0,0
ZTF19achvpik,SN Ia,4.57036546101823,-0.26563998069269334,2244.776818990589,7.895677325368979,2.045429004239227,4,0.2529121177617783,-2.145818187441079,2277.426221127461,6.349857444121438,113.27111854889512,5
ZTF19acifuyf,SN Ia,0.33241083346809835,1.4164582464819055,4861.025167126921,9.948536112695596,12.760407861372379,4,0.3471745199784439,0.9037592984373883,6698.512138298574,14.675242533833842,3.4626882185852503,7
ZTF19acigkma,SN Ia-91T-like,0.2684845945982621,-1.8306135671643864,3204.4212987969677,8.97807248177219,4.445080551513775,4,0.2514266264856073,1.0622908633677954,2803.664051303711,7.877846841489509,0.1578279726061687,5
ZTF19acignlo,SN II,0.6875709314310886,-2.3515858765765225,6565.708167044226,17.21513942446434,0.8544039764364637,6,0.4002006981926845,-1.973330790693322,6268.349476077953,15.676594537652095,1.8530332646833068,9
ZTF19acigqdd,SN Ia-91T-like,0.3516532370229119,-1.0928900892655116,1603.8762352655585,6.1440422290202665,40.97938575819418,10,0.21318519195334865,2.491550185054261,1964.4471297031675,6.310739912117625,46.18089013430457,13
ZTF19acihfxz,SN Ia,0.31183242328888233,2.290314701979438,5321.403596921666,9.803853364141988,119.11710423602547,11,0.3625339174122528,-2.0777267348174524,5452.389756008619,7.500986364541474,173.49093591342867,9
ZTF19acihgng,SN Ia,0.38024455682400504,3.639017705899171,8005.668130733714,13.962883607359444,67.43443509410896,14,0.34140941045961487,4.0017366583957354,7033.292373177946,14.672915175860503,102.97870923394342,16
ZTF19acihlft,SN Ia,5.188862766714141,6.995642932149194,65389.5188657304,27.99520889473743,516179312614.5307,5,0.431432972772089,7.161704576458065,62901.95564050273,25.121343292210895,128.02119547058447,4
ZTF19acitkzs,SN Ia,0.31540176648013524,0.8434263597126134,7328.801052069315,17.039503457070214,20.756350827391238,8,0.23439025566571758,1.3221923373695503,7023.295615641273,16.212732487836533,14.080479532939675,8
ZTF19acitnck,SN Ia,0.0,0.0,0.0,0.1,100000000.0,0,0.4290038103023437,2.371668373719641,7058.252839497928,13.08098473924056,94.06153836311793,5
ZTF19acjdufa,SN Ia,6.501639120352838,-0.08969137709442203,2947.718886871212,10.093631797484308,1.3470118910871711,4,0.3658587090258605,0.9436247965354742,2817.31936111704,8.151703576317171,53.1024398074334,7
ZTF19acjdwqv,SN Ia,0.0,0.0,0.0,0.1,100000000.0,0,0.4512841925502868,0.7246942127072283,4544.616172777259,10.137661971659426,75.92152560420365,6
ZTF19acjerdh,SN Ia,0.0,0.0,0.0,0.1,100000000.0,0,0.41717922910582317,1.8748465160423093,4174.279769273826,10.024415682274244,23.931243987881615,7
ZTF19acjerzj,SN Ia,0.0,0.0,0.0,0.1,100000000.0,0,0.0,0.0,0.0,0.1,100000000.0,0
ZTF19acjfhom,SN Ia,0.0,0.0,0.0,0.1,100000000.0,0,0.5780747944752919,2.125782564563845,3168.1876507326697,9.676064393401203,72.99416562931668,6
ZTF19acjifxp,SN Ia,0.0,0.0,0.0,0.1,100000000.0,0,0.0,0.0,0.0,0.1,100000000.0,0
ZTF19acjjwsy,SN Ia,0.4356444085608794,-0.2211541080596343,2064.9753536324392,8.802298746890845,38.053442505932885,4,0.2646845292050722,-0.38436131021645364,2895.581785018367,9.685255416974453,26.637212565636123,8
ZTF19acjnatv,SN Ia,0.0,0.0,0.0,0.1,100000000.0,0,3.8193120032440304,-0.3051491427046065,2615.392401769454,10.189112883952568,21.600236786642647,4
ZTF19acjnaxa,SN Ia,0.0,0.0,0.0,0.1,100000000.0,0,0.28611422755551463,-3.2888733313387006,5489.601853102567,11.011820873567554,13.985907574244669,5
ZTF19acjqecl,SN Ia,0.3651971651827491,3.132839675079664,4330.4488750058135,10.841165182297646,20.771793669529785,4,0.0,0.0,0.0,0.1,100000000.0,0
ZTF19acjtkha,SN Ia,0.46119832876575517,-0.8094047321808062,5952.542358605023,13.861947393154885,6.822005949684156,4,0.40115797091597083,-0.2888263095113751,8622.19484419091,13.711314654438144,18.320382908596997,5
ZTF19acjtlxe,SN Ic,0.0,0.0,0.0,0.1,100000000.0,0,0.0,0.0,0.0,0.1,100000000.0,0
ZTF19acjtpmm,SN II,0.0,0.0,0.0,0.1,100000000.0,0,0.0,0.0,0.0,0.1,100000000.0,0
ZTF19acjtpqd,SN Ic,0.0,0.0,0.0,0.1,100000000.0,0,0.0,0.0,0.0,0.1,100000000.0,0
ZTF19acjuomg,SN Ia,0.3029746473507882,2.527582411113415,2807.4799840397145,6.768160829203037,107.2090969749523,12,0.38022014166408397,1.6486723923185183,2266.9153797278605,7.019951841123334,24.126888577624573,12
ZTF19acjurot,SN Ia,0.4810584712539864,3.5773018636937834,7063.119431354009,12.054328118015603,118.32764396604301,5,0.0,0.0,0.0,0.1,100000000.0,0
ZTF19acjutrw,SN IIn,0.0,0.0,0.0,0.1,100000000.0,0,0.0,0.0,0.0,0.1,100000000.0,0
ZTF19acjwcqy,SN Ic-BL,0.0,0.0,0.0,0.1,100000000.0,0,0.45471027455188784,-2.9426481810219425,2200.9347788692326,6.520516934821645,14.17551503904062,4
ZTF19acjwdnu,SN II,0.0,0.0,0.0,0.1,100000000.0,0,0.36382461615381784,-5.663877457764772,5030.026686545615,13.65201642389819,17.068297431971466,5
ZTF19acjwqvo,SN Ia,0.3674777894761906,-0.3690541114630292,6563.645156346115,14.313426598717005,15.090599655974106,7,0.5139150820845324,4.801777673627952,5799.206948383984,12.372787611334221,161.24972707657633,10
ZTF19ackbclh,SN IIn,0.0,0.0,0.0,0.1,100000000.0,0,0.0,0.0,0.0,0.1,100000000.0,0
ZTF19ackjene,SN IIb,0.0,0.0,0.0,0.1,100000000.0,0,0.35583226130400214,2.5331588076903584,9196.344775495936,15.78660771319255,94.34626098209964,4
ZTF19ackjjwf,SN Ib,0.25049209661636324,5.672455375525131,9119.147991644906,13.405266334583748,41.223838238610846,6,0.3104161004660316,5.228061414628491,10143.073544924815,16.37422329371853,331.73487838232506,8
ZTF19ackjlrd,SN Ia,0.0,0.0,0.0,0.1,100000000.0,0,0.0,0.0,0.0,0.1,100000000.0,0
ZTF19ackjmge,SN Ia,0.0,0.0,0.0,0.1,100000000.0,0,0.0,0.0,0.0,0.1,100000000.0,0
ZTF19ackjnuq,SN Ia,0.0,0.0,0.0,0.1,100000000.0,0,0.0,0.0,0.0,0.1,100000000.0,0
ZTF19ackjozg,SN Ia,0.0,0.0,0.0,0.1,100000000.0,0,0.0,0.0,0.0,0.1,100000000.0,0
ZTF19ackjsys,SN Ia,0.0,0.0,0.0,0.1,100000000.0,0,0.0,0.0,0.0,0.1,100000000.0,0
ZTF19ackjszs,SN Ib,0.0,0.0,0.0,0.1,100000000.0,0,0.0,0.0,0.0,0.1,100000000.0,0
ZTF19ackjtfm,SN II,0.0,0.0,0.0,0.1,100000000.0,0,0.0,0.0,0.0,0.1,100000000.0,0
ZTF19ackjvjr,SN Ia,0.0,0.0,0.0,0.1,100000000.0,0,0.0,0.0,0.0,0.1,100000000.0,0
ZTF19ackjvtl,SN IIP,0.0,0.0,0.0,0.1,100000000.0,0,0.0,0.0,0.0,0.1,100000000.0,0
ZTF19acklbjr,SN Ia,0.29989510319065343,2.9360493828083056,1926.1961218570323,5.090682530233753,16.56541072975059,11,0.2534334838628536,1.7097791038306824,2036.659664329998,5.860047567445865,43.43296127986838,10
ZTF19aclhnkd,SN Ia,0.0,0.0,0.0,0.1,100000000.0,0,0.3247862068122451,0.6755483620797382,3839.9314300720903,9.599787296100104,57.9196982086319,6
ZTF19aclhohd,SN Ia,0.0,0.0,0.0,0.1,100000000.0,0,0.2524066472235917,-0.576646811413154,4777.067788253753,9.003016900907335,35.96446299784211,6
ZTF19aclkbqc,SN Ia,0.3866343058731302,2.4277007504758354,4781.130086252609,10.79718437403814,64.15837487154475,6,0.0,0.0,0.0,0.1,100000000.0,0
ZTF19aclljyq,SN Ia,0.4019240739969843,1.287281691981773,5246.7309304458,12.415479663329268,82.19610181480675,5,0.3658382521778926,2.0237302575881624,4560.530354948557,12.210093773044312,15.655716158805781,5
ZTF19aclobbu,SN II,0.8861325431168904,-0.6230109870098873,9413.598042124844,16.615879751941613,20.30050360026977,7,0.7125400961588605,0.16499177972070048,11215.370502918082,22.119263769154813,31.170607186172028,15
ZTF19aclofmz,SN Ia,0.4262667649334549,4.30533547699331,8181.5447459299985,15.016332429404757,107.49033876796216,11,0.40861937409872284,4.401158941211216,9641.567951170911,20.817272780538033,96.31275286552973,15
ZTF19aclthzj,SN Ia,0.25456017300530276,2.9554072778191607,2804.338415926303,7.568861722872069,56.02181337447567,10,0.35888069102917236,-0.4926107633631966,2229.83585308098,7.4780084009749235,101.84808314707996,10
ZTF19aclyezb,SN Ia,0.617607586680987,-0.0030832339851374125,2472.4696176848333,5.788863908827909,21.57095692296553,6,0.4251056093636776,1.046941998971724,2952.8491600222324,9.033827793480667,28.324563052986335,8
ZTF19acmbekd,SN Ibn,1.00365893559415,1.734984208516157,3770.910074718323,12.385783465924275,140.7634475980497,4,0.0,0.0,0.0,0.1,100000000.0,0
ZTF19acmbiad,SN Ia,0.5084232465835481,3.4385300285810425,5796.146567119059,13.081461362938771,54.36682264589343,5,0.3919807815378488,4.040044485707257,5271.124906667711,13.249896005767189,16.485915253016522,5
ZTF19acmbjvi,SN Ia,0.0,0.0,0.0,0.1,100000000.0,0,0.43908370385091133,0.33000599732765823,2997.48029723286,7.696571102551982,9.328290604445007,4
ZTF19acmbkmr,SN Ia,0.0,0.0,0.0,0.1,100000000.0,0,4.451060642647224,-0.4705304646504674,2585.568952745454,7.867900394457042,1.777228629991022,4
ZTF19acmblbi,SN Ia,0.0,0.0,0.0,0.1,100000000.0,0,0.45818394973013604,0.2316853884268083,10356.21501414206,17.742524487603973,6.469615868559917,4
ZTF19acmdpyr,SN Ia,0.37224851266852305,3.8115269458489442,9624.10650552716,14.209311968034037,102.68045080127058,11,0.36654645549024073,7.41032357874606,8591.362524033,12.281484915611646,40.09869940741138,10
ZTF19acmelor,SN Ib,0.25637664680210015,2.1674683305253457,4210.336479651903,6.985467751885549,15.505795782347663,4,0.46352871002826346,-0.1798258842092464,6046.141753836107,12.78022399156273,28.679281970779037,4
ZTF19acmgyka,SN Ia,0.34238279414301315,2.1385233236661025,2851.6558950892027,7.673462317846702,225.53070106316855,11,0.39212567668780524,2.3194299170456487,3503.3560188601596,11.79020626041616,51.658025681210646,13
ZTF19acmvrsw,SN Ia,0.0,0.0,0.0,0.1,100000000.0,0,0.43542865328697705,-3.422954252579288,8673.993629659584,16.18343704699649,2.933357976002288,4
ZTF19acmwfli,SN II,0.0,0.0,0.0,0.1,100000000.0,0,0.0,0.0,0.0,0.1,100000000.0,0
ZTF19acmwipq,SN Ia,0.0,0.0,0.0,0.1,100000000.0,0,0.0,0.0,0.0,0.1,100000000.0,0
ZTF19acmwkul,SN Ia,0.0,0.0,0.0,0.1,100000000.0,0,0.0,0.0,0.0,0.1,100000000.0,0
ZTF19acmwszk,SLSN-II,0.0,0.0,0.0,0.1,100000000.0,0,0.0,0.0,0.0,0.1,100000000.0,0
ZTF19acmxidf,SN Ia,0.0,0.0,0.0,0.1,100000000.0,0,0.4044730332090529,5.851105968125838,23479.84636735952,18.336597872849342,28.779577969668324,5
ZTF19acmxymo,SN Ia,0.0,0.0,0.0,0.1,100000000.0,0,0.0,0.0,0.0,0.1,100000000.0,0
ZTF19acmyacs,SN II,0.0,0.0,0.0,0.1,100000000.0,0,0.0,0.0,0.0,0.1,100000000.0,0
ZTF19acmyljb,SN Ia,0.0,0.0,0.0,0.1,100000000.0,0,0.0,0.0,0.0,0.1,100000000.0,0
ZTF19acmywjc,SN Ia,0.0,0.0,0.0,0.1,100000000.0,0,0.0,0.0,0.0,0.1,100000000.0,0
ZTF19acnfjyw,SN Ia,0.48094994022744597,3.409267099711469,7174.234992972583,13.478320782163921,171.3446089733318,9,0.3427910611974287,5.2195681592832095,8060.880094109292,14.19457604149668,203.87724579623642,11
ZTF19acngsnb,SN Ia,0.0,0.0,0.0,0.1,100000000.0,0,0.3781289833058578,0.009248831076194631,1871.00142075072,6.109755621732282,12.935745291310822,7
ZTF19acngsnc,SN Ia,0.0,0.0,0.0,0.1,100000000.0,0,0.2553979843106321,1.8514431561492486,2368.6788961152015,6.471196264022495,80.45923718031219,5
ZTF19acnjwgm,SN Ia,0.4176036509703713,6.46568459988507,17867.41959419813,19.31806759631873,192.2696060562732,12,0.4373732025017332,3.8380610166295166,15449.169363073737,21.091230472012114,255.13777850378239,12
ZTF19acnkeji,SN Ia,0.456220498749053,4.093152238395905,6091.53251189547,9.539845062270304,95.18062351553222,13,0.4274802229469782,3.920761989507857,7545.908021197121,12.015175360994858,132.0148842911028,13
ZTF19acnpnqq,SN Ia,0.0,0.0,0.0,0.1,100000000.0,0,0.25473212641693915,-3.3878988856251,1638.6331800294654,5.904646757845152,7.563827353587229,4
ZTF19acnqsui,SN Ia,0.0,0.0,0.0,0.1,100000000.0,0,0.3471633315300866,3.4376731210058304,4339.400276711525,10.95479576238782,29.365039641405538,5
ZTF19acnzkph,SN Ia,0.4765788490350047,5.453470900953861,13941.295132672483,16.646112925646733,216.60942055609127,7,0.431813191416045,6.572698474568626,27624.529922189777,21.874066475738474,219.6843740258077,8
ZTF19acoaoty,SN Ia,0.3166827743737344,5.061444290437684,3819.6338081356885,8.69767434211548,90.568588702901,13,0.3238944746902373,3.491770870384488,3744.20519626385,10.401074058513684,99.35715196494462,14
ZTF19acojuzv,SN Ia,0.4712581004553362,7.387713767311975,12760.232840112823,19.474062977619713,285.53131094896776,5,0.31572795112885205,4.9134400176549855,13256.243154358277,16.947085988862867,23.115321240996675,6
ZTF19acojxzo,SN Ia,0.48599411159356765,-1.8712429784183515,7022.105879017564,15.885932639701117,6.803790297955537,4,0.31039331219358096,4.81794621860657,6440.435414605663,11.166590143846404,56.444507605019304,4
ZTF19acoknir,SN Ib/c,0.0,0.0,0.0,0.1,100000000.0,0,0.0,0.0,0.0,0.1,100000000.0,0
ZTF19acokufi,SN Ia,0.40064526622767344,4.345839167664628,3457.020396070856,5.4746721960811735,0.04178889996219306,4,0.0,0.0,0.0,0.1,100000000.0,0
ZTF19acokzjy,SN Ia,0.48636594256688187,4.053335850924742,6087.010398549281,9.058246816480189,52.23135638234645,5,0.3072574026697049,5.015323724425612,6076.717110143044,11.461957524521893,31.98461345407722,6
ZTF19acolhnl,SN Ia,0.0,0.0,0.0,0.1,100000000.0,0,0.0,0.0,0.0,0.1,100000000.0,0
ZTF19acordoi,SN Ia-91T-like,0.35849305881047744,0.3863466991086373,3722.117785144823,7.603527478678885,90.70517005885351,10,0.41491909176372027,2.2525942487013166,3031.933189025637,6.6796467915609625,95.35824629854841,8
ZTF19acoxgqw,SN Ia,0.0,0.0,0.0,0.1,100000000.0,0,0.5026850582854628,2.527704159413441,4709.102876004436,10.769982150825511,243.3195409656131,4
ZTF19acoyxuv,SN Ia,0.0,0.0,0.0,0.1,100000000.0,0,0.0,0.0,0.0,0.1,100000000.0,0
ZTF19acpfnth,SN Ia,0.0,0.0,0.0,0.1,100000000.0,0,0.0,0.0,0.0,0.1,100000000.0,0
ZTF19acpgaet,SN Ia,0.0,0.0,0.0,0.1,100000000.0,0,0.5882450335435321,3.144116424058956,3773.5783419820036,8.838749473800531,188.1540368215202,6
ZTF19acpmuwu,SN Ia,0.5225614958977373,3.5364334603057213,3795.4181527923897,7.964732578290056,128.95858097290414,8,0.5028754102215869,2.9751778451626754,3754.2934981313642,7.926300685620939,237.26945044287325,8
ZTF19acqdato,SN Ia,0.0,0.0,0.0,0.1,100000000.0,0,0.0,0.0,0.0,0.1,100000000.0,0
ZTF19acqmwtg,SN Ia,0.0,0.0,0.0,0.1,100000000.0,0,0.0,0.0,0.0,0.1,100000000.0,0
ZTF19acqupbp,SN Ia,0.0,0.0,0.0,0.1,100000000.0,0,0.4559768471165169,1.5671299933346607,2647.25650237672,7.476302440200996,95.40380780861315,5
ZTF19acqxoll,SN Ia,0.3067369322767282,7.809338488203093,4551.224002293936,5.670150478799523,155.77454305805614,6,0.3931407935734511,0.264197801686792,3557.987666179354,8.999446084500137,33.72454727818936,6
ZTF19acqypso,SN Ia,0.3766971170368045,1.6878236691872506,2685.298419883539,6.059598376359994,28.04145359609764,9,0.44248100790839384,0.46892555520789264,3281.930369150277,6.4686640541724625,89.95991540276584,9
ZTF19acrbyzj,SN Ia,0.0,0.0,0.0,0.1,100000000.0,0,0.4261625663284493,3.028049583216244,18272.1024173042,20.086959686259835,0.3408067679591058,4
ZTF19acrcupt,SN Ia,0.37482919326065756,0.6865419342208084,2903.2236152222144,8.219155181646693,59.34725818902059,7,0.31748252588512305,2.8209682559478666,3796.704152322796,8.869203975252304,95.85034778186092,9
ZTF19acrcxri,SN II,0.8338408651043708,1.126064494340688,15843.754723961112,15.76276422087513,27.825438210549734,5,0.7059424114100451,1.5740974763960192,15182.049489821615,17.24652466583916,269.52756327638485,7
ZTF19acrdcwh,SN Ia,0.3680565993606977,-0.037945708653575855,3743.1557891043262,7.025059630832218,1.3786040224104552,4,0.0,0.0,0.0,0.1,100000000.0,0
ZTF19acrddcz,SN Ia-91T-like,0.2870702100041088,7.68728186497226,24271.486159750497,15.024395681658396,5.380204347221786,4,0.0,0.0,0.0,0.1,100000000.0,0
ZTF19acrdqej,SN Ia,0.39271941074612765,5.836504085434878,9591.214859916152,11.908260351514453,177.87371659133507,14,0.37798716977461577,5.2128705396207025,8737.663746178649,12.671058793811303,77.5763617511472,13
ZTF19acrenwk,SN Ia,0.0,0.0,0.0,0.1,100000000.0,0,3.0718335469027025,0.18825251225055792,3184.9940615056057,7.576699443527087,194.89424246338388,4
ZTF19acrmmpq,SN Ia,0.4375325942728176,3.451764884061343,26706.13747747233,20.28943321218803,7.127643029714161,4,0.0,0.0,0.0,0.1,100000000.0,0
ZTF19acruaaa,SN Ia,0.0,0.0,0.0,0.1,100000000.0,0,0.0,0.0,0.0,0.1,100000000.0,0
ZTF19acruqph,SN Ia,0.31225904554390904,5.943662796568635,5001.867763045029,9.352207753489866,52.98240191351923,6,0.2564552074153315,3.153703566066391,5114.446167804653,10.393309439655374,53.798562453660566,7
ZTF19acrvfkz,SN Ia,0.0,0.0,0.0,0.1,100000000.0,0,0.0,0.0,0.0,0.1,100000000.0,0
ZTF19acrwvao,SN II,0.0,0.0,0.0,0.1,100000000.0,0,0.0,0.0,0.0,0.1,100000000.0,0
ZTF19acrwyyb,SN Ibn,0.0,0.0,0.0,0.1,100000000.0,0,0.0,0.0,0.0,0.1,100000000.0,0
ZTF19acrwzqs,SN Ia,0.0,0.0,0.0,0.1,100000000.0,0,0.0,0.0,0.0,0.1,100000000.0,0
ZTF19acryaon,SN Ia,0.3872591455928702,0.9087099366495384,9397.590795449672,15.103086742168257,7.295188814524261,4,0.0,0.0,0.0,0.1,100000000.0,0
ZTF19acryurj,SN II,2.209337597568548,0.1856011780763681,13651.396299547672,17.863555073755556,3.2278866205357124,4,0.8550538500910434,1.8375033659962927,15290.031362265114,20.649928498429567,238.01641050852265,7
ZTF19acsaoxd,SN Ia,0.0,0.0,0.0,0.1,100000000.0,0,0.0,0.0,0.0,0.1,100000000.0,0
ZTF19acsfpmi,SN Ia,0.0,0.0,0.0,0.1,100000000.0,0,0.0,0.0,0.0,0.1,100000000.0,0
ZTF19acsfvog,SN Ia,0.0,0.0,0.0,0.1,100000000.0,0,0.0,0.0,0.0,0.1,100000000.0,0
ZTF19acshfvz,SN Ia,0.0,0.0,0.0,0.1,100000000.0,0,0.0,0.0,0.0,0.1,100000000.0,0
ZTF19acshkft,SN Ia,0.0,0.0,0.0,0.1,100000000.0,0,0.16821085556128004,7.229236685786072,4776.290411220987,9.690568884915418,34.763495831663526,5
ZTF19acspfcb,SN Ia,0.0,0.0,0.0,0.1,100000000.0,0,0.0,0.0,0.0,0.1,100000000.0,0
ZTF19acsvqrx,SN Ia,0.0,0.0,0.0,0.1,100000000.0,0,0.32275709009522874,0.4889858114584427,3008.385271601391,8.225010068398706,8.65110894638148,4
ZTF19acszmgx,SN II,0.0,0.0,0.0,0.1,100000000.0,0,0.0,0.0,0.0,0.1,100000000.0,0
ZTF19actaiag,SN Ia,0.0,0.0,0.0,0.1,100000000.0,0,0.0,0.0,0.0,0.1,100000000.0,0
ZTF19acteaxl,SN Ia,0.0,0.0,0.0,0.1,100000000.0,0,0.0,0.0,0.0,0.1,100000000.0,0
ZTF19actfpma,SN Ia,0.0,0.0,0.0,0.1,100000000.0,0,0.0,0.0,0.0,0.1,100000000.0,0
ZTF19actfpmy,SN Ia,0.0,0.0,0.0,0.1,100000000.0,0,0.0,0.0,0.0,0.1,100000000.0,0
ZTF19actfxcd,SN IIP,0.0,0.0,0.0,0.1,100000000.0,0,0.0,0.0,0.0,0.1,100000000.0,0
ZTF19acthgxq,SN Ia,0.0,0.0,0.0,0.1,100000000.0,0,0.0,0.0,0.0,0.1,100000000.0,0
ZTF19acthucv,SN Ia,0.0,0.0,0.0,0.1,100000000.0,0,0.0,0.0,0.0,0.1,100000000.0,0
ZTF19actldas,SN Ia,0.0,0.0,0.0,0.1,100000000.0,0,0.4033608867634654,4.830840975250046,11957.82210866699,9.508498339257065,2.266415369330958,4
ZTF19actnyae,SN II,0.0,0.0,0.0,0.1,100000000.0,0,0.0,0.0,0.0,0.1,100000000.0,0
ZTF19actzjrf,SN Ia,0.0,0.0,0.0,0.1,100000000.0,0,0.0,0.0,0.0,0.1,100000000.0,0
ZTF19acudiph,SN Ia,0.0,0.0,0.0,0.1,100000000.0,0,0.0,0.0,0.0,0.1,100000000.0,0
ZTF19acuitcy,SN Ia,0.0,0.0,0.0,0.1,100000000.0,0,0.0,0.0,0.0,0.1,100000000.0,0
ZTF19acukcte,SN Ia,0.0,0.0,0.0,0.1,100000000.0,0,0.0,0.0,0.0,0.1,100000000.0,0
ZTF19acukucu,SN IIn,0.5194318455187311,2.1910438994011443,2520.4996484913872,5.83152821148013,30.19069699134589,4,0.06811710156813607,111.17732519558918,1331950.9074403686,7.466710604727585,1.3237689775198245,4
ZTF19aculczm,SN Ia,0.0,0.0,0.0,0.1,100000000.0,0,0.0,0.0,0.0,0.1,100000000.0,0
ZTF19aculgvn,SN Ia,0.0,0.0,0.0,0.1,100000000.0,0,0.0,0.0,0.0,0.1,100000000.0,0
ZTF19aculypc,SN Ia,0.0,0.0,0.0,0.1,100000000.0,0,0.0,0.0,0.0,0.1,100000000.0,0
ZTF19acuybzx,SN Ia,0.0,0.0,0.0,0.1,100000000.0,0,0.0,0.0,0.0,0.1,100000000.0,0
ZTF19acvgbeh,SN Ia-91T-like,0.0,0.0,0.0,0.1,100000000.0,0,0.0,0.0,0.0,0.1,100000000.0,0
ZTF19acvkibv,SN IIn,0.0,0.0,0.0,0.1,100000000.0,0,0.0,0.0,0.0,0.1,100000000.0,0
ZTF19acvmcdd,SN II,0.0,0.0,0.0,0.1,100000000.0,0,0.0,0.0,0.0,0.1,100000000.0,0
ZTF19acvrgde,SN Ia,0.0,0.0,0.0,0.1,100000000.0,0,0.0,0.0,0.0,0.1,100000000.0,0
ZTF19acvrigb,SN Ia,0.0,0.0,0.0,0.1,100000000.0,0,0.0,0.0,0.0,0.1,100000000.0,0
ZTF19acvrjzd,SN II,0.0,0.0,0.0,0.1,100000000.0,0,0.0,0.0,0.0,0.1,100000000.0,0
ZTF19acvtrxj,SN II,0.0,0.0,0.0,0.1,100000000.0,0,0.0,0.0,0.0,0.1,100000000.0,0
ZTF19acwbhih,SN II,0.0,0.0,0.0,0.1,100000000.0,0,0.0,0.0,0.0,0.1,100000000.0,0
ZTF19acwqvvn,SN Ia,0.7808350502348052,-0.913169414915022,3693.992453537398,8.079713825226355,192.58480082421582,5,0.39299026801683085,-2.0929349649182476,3948.716488082438,11.397924230267941,9.161838919756443,7
ZTF20aauhbvu,SN IIP,0.0,0.0,0.0,0.1,100000000.0,0,0.0,0.0,0.0,0.1,100000000.0,0
ZTF20aaurwes,SN Ia,0.0,0.0,0.0,0.1,100000000.0,0,0.0,0.0,0.0,0.1,100000000.0,0
ZTF20abjaapj,SN II,1.9179393454936575,-1.0441802104771782,1606.098262260515,6.9562610243719565,4.834937694331193,5,0.0,0.0,0.0,0.1,100000000.0,0
ZTF20abjfufv,SN Ia,0.4685065140088062,-0.060376998933501236,11530.895581325869,21.795675096852754,50.97516195772444,7,0.35186324378229095,0.40193122668548376,12419.09432539094,20.994971650480657,151.495513381259,8
ZTF20abjtavx,SN Ib,0.6326435752507382,-1.9142724210926922,1047.0590586610647,4.671914958580575,38.42197163117244,4,10.61311219743213,-8.526285633535498,1152.4303993352496,5.804623858688358,21.926139068227847,4
ZTF20abmlxrx,SN Ia-CSM,0.0,0.0,0.0,0.1,100000000.0,0,0.032736165980282,89.97143633296655,99592.91202289879,9.280019452891464,17.12657674981631,4
ZTF20abnbilr,SN Ia,0.0,0.0,0.0,0.1,100000000.0,0,0.0,0.0,0.0,0.1,100000000.0,0
ZTF20abnnfpv,SN II,0.0,0.0,0.0,0.1,100000000.0,0,0.0,0.0,0.0,0.1,100000000.0,0
ZTF20abobpcb,SLSN-I,0.09047076453346309,-6.142143153088313,12141.704438971152,19.598791009298957,12.256057441245586,10,0.0686210247778883,-10.794024006807998,11356.940287354304,22.13861559787483,10.979200553842983,7
ZTF20abpucsd,SN Ia,0.0,0.0,0.0,0.1,100000000.0,0,0.0,0.0,0.0,0.1,100000000.0,0
ZTF20abpuijn,SN Ia,0.0,0.0,0.0,0.1,100000000.0,0,0.0,0.0,0.0,0.1,100000000.0,0
ZTF20abpvhij,SN Ia,0.0,0.0,0.0,0.1,100000000.0,0,0.0,0.0,0.0,0.1,100000000.0,0
ZTF20abpvolc,SN Ia,0.0,0.0,0.0,0.1,100000000.0,0,0.0,0.0,0.0,0.1,100000000.0,0
ZTF20abqaqgv,SN Ia,0.0,0.0,0.0,0.1,100000000.0,0,0.0,0.0,0.0,0.1,100000000.0,0
ZTF20abqdqyh,SN II,0.0,0.0,0.0,0.1,100000000.0,0,0.0,0.0,0.0,0.1,100000000.0,0
ZTF20abqfgee,SN Ia,0.0,0.0,0.0,0.1,100000000.0,0,0.0,0.0,0.0,0.1,100000000.0,0
ZTF20abqgzhh,SN Ia,0.0,0.0,0.0,0.1,100000000.0,0,0.0,0.0,0.0,0.1,100000000.0,0
ZTF20abqlawg,SN Ia,0.37841520576588855,-1.282019301072204,3839.193136851863,13.50033639194433,4.105876845449167,5,0.0,0.0,0.0,0.1,100000000.0,0
ZTF20abqlgtv,SN Ia,0.0,0.0,0.0,0.1,100000000.0,0,0.0,0.0,0.0,0.1,100000000.0,0
ZTF20abqnztv,SN Ia,0.0,0.0,0.0,0.1,100000000.0,0,0.43141136104716876,-2.110413896725916,2701.605556970079,11.293294011960942,34.316541660329115,4
ZTF20absvtnc,SN Ia,1.0077063536235962,-2.570037257394295,21180.160768612837,28.24801841046766,2.2446568119840498,6,0.0,0.0,0.0,0.1,100000000.0,0
ZTF20absvwdh,SN Ia,0.0,0.0,0.0,0.1,100000000.0,0,4.411214190889719,-0.4124370143232548,2524.9509578151406,10.993753477043219,42.92636830397983,5
ZTF20absyium,SN Ia,0.0,0.0,0.0,0.1,100000000.0,0,0.0,0.0,0.0,0.1,100000000.0,0
ZTF20abszzlp,SN Ia,0.0,0.0,0.0,0.1,100000000.0,0,0.0,0.0,0.0,0.1,100000000.0,0
ZTF20abtnpwt,SN Ia,0.0544877749996824,-15.923006935527729,4032.5048981299205,7.623364040829324,18.92447969539784,4,0.0,0.0,0.0,0.1,100000000.0,0
ZTF20abuqali,SN II,0.0,0.0,0.0,0.1,100000000.0,0,13.38158200766766,-14.904621362701977,2485.7520384848567,12.687837284016187,11.81215465129754,4
ZTF20abvqibv,SN Ia-91T-like,0.0,0.0,0.0,0.1,100000000.0,0,0.0,0.0,0.0,0.1,100000000.0,0
ZTF20abvqilf,SN Ia,0.9257592553743819,-0.6096555466994533,5282.763614523671,13.395057025560066,8.278234845148276,4,0.0,0.0,0.0,0.1,100000000.0,0
ZTF20abvtozi,SN Ia,0.5356765753474586,-0.4509824277712728,7800.5258214427795,15.696958907971005,84.54874872519817,8,0.2885192786893984,-0.9198654274005705,8627.044430100956,19.440847419681813,21.380154363634546,8
ZTF20abvyare,SN Ia,0.0,0.0,0.0,0.1,100000000.0,0,0.0,0.0,0.0,0.1,100000000.0,0
ZTF20abwdaeo,SN II,16.188308872230557,-0.2608022912794636,6189.912034980802,15.036706213777087,0.3914111046398274,4,0.007994221453226265,352.4982960106515,113910.87446670907,18.024767280657215,2.1219692021491174,5
ZTF20abwkqxd,SN Ia,0.07203937952778998,70.29644325082143,1011337.7063022116,16.84644077346965,9.150087404644403,4,0.40260957604534175,2.2753491063824134,8793.48206400942,17.57458582005075,160.07863870793508,7
ZTF20abwktfx,SN Ia,0.43275944540994743,1.343482454422064,31126.849727090288,25.35423880239663,252.63533492770782,7,0.4839646093477577,-1.2765977947020728,28693.830895172472,28.819004446202563,34.84606963339324,4
ZTF20abxfiev,SN Ia,0.35292871302757567,2.4190708778487315,2900.0941916370916,6.710626189643279,111.81730213122196,11,0.3387261490531588,2.6663091837756365,3229.258655125781,9.207239213060397,107.91664520966046,12
ZTF20abxgxjd,SN Ia,0.0,0.0,0.0,0.1,100000000.0,0,0.47119612476362344,1.5718895416530094,3647.3177575474983,9.942400518512112,27.030226415735513,8
ZTF20abxhigx,SN Ia,0.0,0.0,0.0,0.1,100000000.0,0,0.0,0.0,0.0,0.1,100000000.0,0
ZTF20abxidyb,SN Ia,0.7455619480142449,1.1074603956302909,2189.094913525991,7.112288177178385,114.20391847319274,7,0.3427448698769792,4.195621394411681,2586.5459593771498,6.293784767104881,47.853961318855895,11
ZTF20abxjefm,SN Ia,0.3677235385982483,1.3451441843604157,3813.0969685489194,9.350193721156293,78.32736901164027,7,0.3743741068882638,-0.7503479962391353,4408.946429244495,11.823855102021454,66.52139115278631,6
ZTF20abxkwbi,SN II,0.0,0.0,0.0,0.1,100000000.0,0,0.0,0.0,0.0,0.1,100000000.0,0
ZTF20abxxzxy,SN Ia,0.0,0.0,0.0,0.1,100000000.0,0,0.0,0.0,0.0,0.1,100000000.0,0
ZTF20abxyajd,SN Ia,0.0,0.0,0.0,0.1,100000000.0,0,0.0,0.0,0.0,0.1,100000000.0,0
ZTF20abxyaje,SN II,0.0,0.0,0.0,0.1,100000000.0,0,0.0,0.0,0.0,0.1,100000000.0,0
ZTF20abxyaqc,SN Ia,0.520518596282203,0.4705803509435797,6038.855718055798,9.240349362374324,136.81489557194902,4,1.004489007543879,-1.0262005395853426,5772.023367980073,13.595618959614743,47.64324935494017,4
ZTF20abxyfye,SN Ia,0.37158920830253034,0.36265659200687,6395.991084933797,9.74774250515766,866.8021563597019,8,0.26074401911809975,-4.657735121576006,5705.939480320301,10.36751250293152,13.521846730850719,5
ZTF20abxyggc,SN Ia,0.0,0.0,0.0,0.1,100000000.0,0,0.0,0.0,0.0,0.1,100000000.0,0
ZTF20abxyjfg,SN Ia,0.0,0.0,0.0,0.1,100000000.0,0,0.0,0.0,0.0,0.1,100000000.0,0
ZTF20abxzrqw,SN Ia,0.5306681917736986,2.1971102478516467,7735.578052715967,10.486732958956983,259.4696790802175,6,0.5356085434612822,3.28569026132084,7770.766989428094,15.788128196351655,215.21531500148018,9
ZTF20abybeex,SN II,8.53989834203398,-0.1914384534719004,4147.238008462144,11.837139033874225,5.857061047540299,4,0.0,0.0,0.0,0.1,100000000.0,0
ZTF20abydkrl,SN Ia,0.5211008329565403,4.992572600724325,18443.816602613606,15.419805395528845,1408.4555349605243,7,0.5984227926648897,2.506781024237309,19005.1926289555,17.271592412709094,1167.3550389802638,5
ZTF20abyfmjr,SN Ia,0.5452152227148294,-0.20056724777662174,2340.3543536664283,7.318528332808371,4.828880062051882,6,0.3200725097609915,0.38249555158213117,2318.3330743249403,9.138008136479813,16.836460867235036,8
ZTF20abygigy,SN Ia,0.5228415880448112,3.511476283081298,5101.3614580614,10.704381182904552,342.1895735506336,8,0.4689403592029979,3.0488370772759854,5353.22391331038,12.13026164942217,170.45391569252027,8
ZTF20abyiohf,SN Ia,0.3995897028871947,4.9260774010614234,3516.3289086017203,11.806547578302602,54.502624089814745,7,0.34992294489100356,-0.8438072498302256,3286.4711774654115,11.287861987155424,42.45244622901119,9
ZTF20abyjpxx,SN Ia,0.3064379080839084,3.762443355356615,2636.937348838272,7.31720583641969,47.27645331933039,8,0.3036460519252287,1.0516181685358554,2727.495475875923,11.597415246353217,21.838077274092566,9
ZTF20abylbuf,SN Ia,0.7318653375760452,1.950183290158063,11269.773374115088,16.70368541438602,71.82792126059368,7,0.39134935060701315,4.36435841411877,11883.68900830004,20.3795532746348,49.72126906099183,12
ZTF20abyskia,SN Ia,0.4325097747298685,5.26758635125151,4724.418637843879,13.3637063217917,60.85082179712167,13,0.4702682964943806,-1.2687568195287213,4322.813559251642,13.775607876232886,27.11032403888316,11
ZTF20abysqxw,SN Ia,0.0,0.0,0.0,0.1,100000000.0,0,0.0,0.0,0.0,0.1,100000000.0,0
ZTF20abywpkl,SN Ia,0.32250416960706924,-1.2855148118526993,5270.185868329922,7.845329574458073,20.850543678468988,6,0.39306948004345393,3.785998705667799,5160.504949016307,14.313351829430147,44.56157775721423,10
ZTF20abywydb,SN II,0.0,0.0,0.0,0.1,100000000.0,0,0.0,0.0,0.0,0.1,100000000.0,0
ZTF20abyxuky,SN Ia,0.5153318644755335,-2.120376176633265,2570.7404856260086,10.212846759038072,19.24082649909562,5,0.3265025669367388,-1.1209083409415674,2779.0214845090654,12.439076382328922,20.589182570254085,9
ZTF20abyylgi,SN II,0.4816557806794023,-2.6696283951880337,13134.219331045688,26.061049780164584,13.037738408850672,4,0.3190717736414824,-2.7435658862016528,12262.506354506166,24.99735442096879,16.036200652485928,4
ZTF20abyzbxa,SN Ia,0.3020926524591577,0.9832608043610022,5437.591849377373,11.588469720296434,13.863351984814479,8,0.3668531813527245,0.6090003114821412,4950.109492716026,13.565765824940023,40.31224300910035,6
ZTF20abyzomt,SN II,0.0,0.0,0.0,0.1,100000000.0,0,0.40833832028034905,-2.4804608929830136,11617.022052684322,18.53724364065088,7.974165549504449,4
ZTF20abzbfct,SN Ia,0.37732169343737076,5.321730090304896,9951.701016757686,23.393325737887903,21.322815151726438,8,0.3640464393837494,5.526766076801416,10629.692764451063,17.43667063788052,47.69050727094873,7
ZTF20abzcsbt,SN Ia,0.36097251754432047,3.9954963745181544,9340.475996150115,13.71040810896661,72.30473909008526,13,0.33328366962261713,1.8050631874408165,12775.122800912091,23.128649240043007,13.517055194880665,10
ZTF20abzetdf,SN Ia,0.37835768084463095,-0.819610308455514,4752.347209682214,11.147917749570944,26.674153742324908,9,0.31987440063582884,0.7474365135531652,5132.249178681009,13.519790017576863,30.540385389034295,8
ZTF20abzjads,SN Ia,0.3493223040691252,4.409217913443942,5752.09850130074,12.250945771095598,2.9785608688240424,8,0.3911212543984106,2.756245876301412,4515.544453548357,10.567519679266315,35.479408951403585,8
ZTF20abzjoxd,SN IIn,0.16088662397972478,3.727186749708733,2887.3494043679207,9.719956723446197,30.816201937943678,12,0.08612050903227787,4.198693327641911,3390.7329012980867,10.580912743233101,13.042693897881248,7
ZTF20abzpxxu,SN Ia,0.4209745171331571,2.0966077732965474,2676.5828814079796,11.605530760091083,17.75821079654734,11,0.24585237412856084,1.1244770551368215,3115.1250903365158,11.867857719479682,12.777847624540481,8
ZTF20abzqlts,SN II,1.3442641976902152,0.9236436776126634,2428.218938099532,10.991448542029474,12.370599783716408,7,0.9103617885659341,0.4349857401522677,2340.098581326644,11.01737235609535,4.957253836552165,8
ZTF20abzvxyk,SN Ia,0.33039731871708855,3.668396977495615,2689.534676668314,8.887073906258951,21.79116704019661,11,0.24655805315984947,1.5252763746262326,2939.3265825068934,9.815561864486822,60.9771434584972,8
ZTF20acacqko,SN Ia,0.0,0.0,0.0,0.1,100000000.0,0,0.0,0.0,0.0,0.1,100000000.0,0
ZTF20acbeacx,SN II,0.0,0.0,0.0,0.1,100000000.0,0,0.0,0.0,0.0,0.1,100000000.0,0
ZTF20acbovrt,SN Ia,0.4907117736007859,4.8316027360258325,8637.647170340042,14.969889641134653,68.44190163990194,8,0.43746041056109436,3.9854847788337127,7672.84057858959,14.668369411837809,1.938638258826043,6
ZTF20acbttnt,SN Ia-91T-like,0.34425283596134715,4.805769795862731,3737.751613594312,11.863186987104822,7.733341642833997,8,0.17267429004312726,4.7853573094936985,5449.572546644928,13.825271276622178,4.917757647239669,7
ZTF20accbsxa,SN Ic,0.0,0.0,0.0,0.1,100000000.0,0,0.0,0.0,0.0,0.1,100000000.0,0
ZTF20accdijx,SN II,0.0,0.0,0.0,0.1,100000000.0,0,0.0,0.0,0.0,0.1,100000000.0,0
ZTF20acchxpm,SN Ia,0.0,0.0,0.0,0.1,100000000.0,0,0.0,0.0,0.0,0.1,100000000.0,0
ZTF20accoccp,SN Ic,0.0,0.0,0.0,0.1,100000000.0,0,0.0,0.0,0.0,0.1,100000000.0,0
ZTF20accodxy,SN Ia,0.0,0.0,0.0,0.1,100000000.0,0,0.0,0.0,0.0,0.1,100000000.0,0
ZTF20accovje,SN Ia,0.4079585632371786,3.8058977581227116,2446.465135306332,7.269537392203458,1.4402825463632845,5,0.0,0.0,0.0,0.1,100000000.0,0
ZTF20accsfkt,SN Ia,0.37749214382637014,6.394486159413231,6927.145444324305,8.583781986873475,0.6995922299295692,4,0.4851784026952435,2.883556480447171,2644.5837859691096,7.799014098571791,2.326892662643039,5
ZTF20accvlzn,SN IIn,0.0,0.0,0.0,0.1,100000000.0,0,0.0,0.0,0.0,0.1,100000000.0,0
ZTF20accxzmn,SN Ia,0.41727079227395697,4.030613346398872,4164.968637913086,11.615121003023392,10.81390056633705,4,0.4735536526998147,2.7435056726716787,4206.148113868008,10.88064413878496,9.77378323518993,5
ZTF20acdafau,SN Ia,0.0,0.0,0.0,0.1,100000000.0,0,0.0,0.0,0.0,0.1,100000000.0,0
ZTF20acdalpf,SN Ia,0.0,0.0,0.0,0.1,100000000.0,0,0.0,0.0,0.0,0.1,100000000.0,0
ZTF20acdnmpv,SN Ia,0.0,0.0,0.0,0.1,100000000.0,0,0.0,0.0,0.0,0.1,100000000.0,0
ZTF20acdqjeq,SN Iax[02cx-like],0.0,0.0,0.0,0.1,100000000.0,0,0.0,0.0,0.0,0.1,100000000.0,0
ZTF20acduffd,SN Ia,0.0,0.0,0.0,0.1,100000000.0,0,0.0,0.0,0.0,0.1,100000000.0,0
ZTF20acedqis,SN II,0.0,0.0,0.0,0.1,100000000.0,0,0.0,0.0,0.0,0.1,100000000.0,0
ZTF20acfasbq,SN Ia,0.0,0.0,0.0,0.1,100000000.0,0,0.0,0.0,0.0,0.1,100000000.0,0
ZTF20acfdmex,SN II,0.0,0.0,0.0,0.1,100000000.0,0,0.0,0.0,0.0,0.1,100000000.0,0
ZTF20acfkkyf,SN Ia,0.0,0.0,0.0,0.1,100000000.0,0,0.0,0.0,0.0,0.1,100000000.0,0
ZTF20acflmyv,SN Ia,0.0,0.0,0.0,0.1,100000000.0,0,0.0,0.0,0.0,0.1,100000000.0,0
